upf_id,workload_factor,cpu_capacity
0,0.00025,200
1,0.00025,200
2,0.00025,200
3,0.00025,200
4,0.00025,200
